"Message",Low,"Iniciando la compilación nativa de .NET"
"Message",Low,""
"Message",Low,""
"Message",Low,"Tarea ""Gatekeeper"""
"Message",Normal,"Iniciando 'C:\Program Files (x86)\Microsoft SDKs\UWPNuGetPackages\runtime.win10-x86.microsoft.net.native.compiler\2.2.8-rel-28605-00\tools\x86\ilc\ilc.exe --gatekeeper @""C:\Users\fgiron\source\repos\2-DAM\Desarrollo de interfaces\EJ2_UD11_bueno\EJ2_UD11_bueno\obj\x86\Release\ilc\intermediate\gkargs.rsp""'"
"Message",Low,"Equipo selector de Microsoft (R) .NET Native, versi�n 2.2.28605.00 "
"Message",Low,"Copyright (C) Microsoft Corporation.  All rights reserved. "
"Message",Low," "
"Message",Low,"ILCTelemetry: System.ArgumentException: Could not deserialize to TelemetrySession object"
"Message",Low,"Nombre del par�metro: serializedSession ---> System.Runtime.Serialization.SerializationException: Error al deserializar el objeto del tipo Microsoft.VisualStudio.Telemetry.TelemetrySessionSettings. Se esperaba el token '""', pero se encontr� 'I'. ---> System.Xml.XmlException: Se esperaba el token '""', pero se encontr� 'I'."
"Message",Low,"   en System.Xml.XmlExceptionHelper.ThrowXmlException(XmlDictionaryReader reader, String res, String arg1, String arg2, String arg3)"
"Message",Low,"   en System.Xml.XmlExceptionHelper.ThrowTokenExpected(XmlDictionaryReader reader, String expected, Char found)"
"Message",Low,"   en System.Runtime.Serialization.Json.XmlJsonReader.ReadServerTypeAttribute(Boolean consumedObjectChar)"
"Message",Low,"   en System.Runtime.Serialization.Json.XmlJsonReader.ReadAttributes()"
"Message",Low,"   en System.Runtime.Serialization.Json.XmlJsonReader.ReadNonExistentElementName(StringHandleConstStringType elementName)"
"Message",Low,"   en System.Runtime.Serialization.Json.XmlJsonReader.Read()"
"Message",Low,"   en System.Xml.XmlBaseReader.IsStartElement()"
"Message",Low,"   en System.Xml.XmlBaseReader.IsStartElement(XmlDictionaryString localName, XmlDictionaryString namespaceUri)"
"Message",Low,"   en System.Runtime.Serialization.XmlReaderDelegator.IsStartElement(XmlDictionaryString localname, XmlDictionaryString ns)"
"Message",Low,"   en System.Runtime.Serialization.XmlObjectSerializer.IsRootElement(XmlReaderDelegator reader, DataContract contract, XmlDictionaryString name, XmlDictionaryString ns)"
"Message",Low,"   en System.Runtime.Serialization.Json.DataContractJsonSerializer.InternalIsStartObject(XmlReaderDelegator reader)"
"Message",Low,"   en System.Runtime.Serialization.Json.DataContractJsonSerializer.InternalReadObject(XmlReaderDelegator xmlReader, Boolean verifyObjectName)"
"Message",Low,"   en System.Runtime.Serialization.XmlObjectSerializer.InternalReadObject(XmlReaderDelegator reader, Boolean verifyObjectName, DataContractResolver dataContractResolver)"
"Message",Low,"   en System.Runtime.Serialization.XmlObjectSerializer.ReadObjectHandleExceptions(XmlReaderDelegator reader, Boolean verifyObjectName, DataContractResolver dataContractResolver)"
"Message",Low,"   --- Fin del seguimiento de la pila de la excepci�n interna ---"
"Message",Low,"   en System.Runtime.Serialization.XmlObjectSerializer.ReadObjectHandleExceptions(XmlReaderDelegator reader, Boolean verifyObjectName, DataContractResolver dataContractResolver)"
"Message",Low,"   en System.Runtime.Serialization.Json.DataContractJsonSerializer.ReadObject(XmlDictionaryReader reader)"
"Message",Low,"   en System.Runtime.Serialization.Json.DataContractJsonSerializer.ReadObject(Stream stream)"
"Message",Low,"   en Microsoft.VisualStudio.Telemetry.TelemetrySessionSettings.Deserialize(String settings)"
"Message",Low,"   en Microsoft.VisualStudio.Telemetry.TelemetrySessionSettings.Parse(String serializedSession)"
"Message",Low,"   --- Fin del seguimiento de la pila de la excepci�n interna ---"
"Message",Low,"   en Microsoft.VisualStudio.Telemetry.TelemetrySessionSettings.Parse(String serializedSession)"
"Message",Low,"   en ILCTelemetry.Program.ReadEvents()"
"Message",Low,"   en ILCTelemetry.Program.Main(String[] args)"
"Message",Low,"Comprobando el ensamblado 'C:\Users\fgiron\source\repos\2-DAM\Desarrollo de interfaces\EJ2_UD11_bueno\EJ2_UD11_bueno\obj\x86\Release\ilc\in\EJ2_UD11_bueno.exe'. "
"Message",Normal,"'C:\Program Files (x86)\Microsoft SDKs\UWPNuGetPackages\runtime.win10-x86.microsoft.net.native.compiler\2.2.8-rel-28605-00\tools\x86\ilc\ilc.exe --gatekeeper @""C:\Users\fgiron\source\repos\2-DAM\Desarrollo de interfaces\EJ2_UD11_bueno\EJ2_UD11_bueno\obj\x86\Release\ilc\intermediate\gkargs.rsp""' se ha completado."
"Message",Normal,"Procesar estadísticas de ejecución (todas las veces en milisegundos)"
"Message",Normal,"-----------------------------------------------------------------------------"
"Message",Normal,"inicio  |  iniciar   |   detener   |   finalizar    | duración | vigencia | nombre [ranura]"
"Message",Normal,"-----------------------------------------------------------------------------"
"Message",Normal,"       0 |       16 |      516 |      516 |      500 |      516 | [0] Gatekeeper"
"Message",Normal,"Número de comandos:      1"
"Message",Normal,"Tiempo total del sistema:       516 ms"
"Message",Normal,"Tiempo del sistema por comando: 516 ms"
"Message",Normal,"Duración total:          500 ms"
"Message",Normal,"Vigencia total:          516 ms"
"Message",Normal,"DOP solicitado:           4"
"Message",Normal,"DOP de la duración:            1,0"
"Message",Normal,"DOP de la vigencia:            1,0"
"Message",Low,"Ejecución de la tarea ""Gatekeeper"" finalizada."
"Message",Low,"Compilación del destino ""RunGatekeeper"" en el archivo ""Preparation"" finalizada."
"Message",Low,""
"Message",Low,"Compilación del destino ""CreateToolchainGeneratedAssembly"" en el archivo ""Preparation"" finalizada."
"Message",Low,""
"Message",Low,"Tarea ""PreMergeAssemblyClosure"""
"Message",Low,"Ejecución de la tarea ""PreMergeAssemblyClosure"" finalizada."
"Message",Low,"Compilación del destino ""ConstructPreMergeAssemblyClosure"" en el archivo ""Preparation"" finalizada."
"Message",Low,""
"Message",Low,"Tarea ""McgReferenceResolveFilePath"""
"Message",Low,"Ejecución de la tarea ""McgReferenceResolveFilePath"" finalizada."
"Message",Low,"Compilación del destino ""PreResolveTransforms"" en el archivo ""Preparation"" finalizada."
"Message",Low,""
"Message",Low,"Tarea ""ResolveToolchainRequiredAssemblyRoots"""
"Message",Low,"Ejecución de la tarea ""ResolveToolchainRequiredAssemblyRoots"" finalizada."
"Message",Low,"Tarea ""ILTransformAssemblyClosure"""
"Message",Low,"Ejecución de la tarea ""ILTransformAssemblyClosure"" finalizada."
"Message",Low,"Tarea ""ResolveToolchainRequiredAssemblyRoots"""
"Message",Low,"Ejecución de la tarea ""ResolveToolchainRequiredAssemblyRoots"" finalizada."
"Message",Low,"Tarea ""ReducedCopyAssemblyClosure"""
"Message",Low,"Ejecución de la tarea ""ReducedCopyAssemblyClosure"" finalizada."
"Message",Low,"Compilación del destino ""ConstructILTransformAssemblyClosure"" en el archivo ""Preparation"" finalizada."
"Message",Low,"Compilación del proyecto ""Preparation"" finalizada."
"Message",Low,""
"Message",Low,""
"Message",High,"Procesando el código de la aplicación"
"Message",Low,"Tarea ""RunILTransforms"""
"Message",Normal,"Ejecutando la transformación 'DumpNativeResources', montón en 66 MB."
"Message",Normal,"Ejecutando la transformación 'Analysis', montón en 80 MB."
"Message",Low,"Cargando 44 módulos..."
"Message",Normal,"Se importaron directivas de reflexión de 7 archivos:"
"Message",Normal,"C:\Users\fgiron\source\repos\2-DAM\Desarrollo de interfaces\EJ2_UD11_bueno\EJ2_UD11_bueno\obj\x86\Release\ilc\in\Properties\Default.rd.xml"
"Message",Normal,"Manifiesto incrustado en System.Private.Interop: Resources.System.Private.Interop.rd.xml"
"Message",Normal,"Manifiesto incrustado en System.Private.WinRTInterop.CoreLib: Resources.System.Private.WinRTInterop.CoreLib.rd.xml"
"Message",Normal,"Manifiesto incrustado en System.Runtime.WindowsRuntime.UI.Xaml: Resources.System.Runtime.WindowsRuntime.UI.Xaml.rd.xml"
"Message",Normal,"Manifiesto incrustado en System.Private.CoreLib: Resources.System.Private.CoreLib.rd.xml"
"Message",Normal,"Manifiesto incrustado en System.Private.Uri: Resources.System.Private.Uri.rd.xml"
"Message",Normal,"Manifiesto incrustado en System.Private.Reflection.Core: System.Private.Reflection.Core.rd.xml"
"Message",Normal,"Se importaron elementos raíz XAML de 1 archivos:"
"Message",Normal,"C:\Users\fgiron\source\repos\2-DAM\Desarrollo de interfaces\EJ2_UD11_bueno\EJ2_UD11_bueno\obj\x86\Release\ilc\in\EJ2_UD11_bueno.xr.xml"
"Message",Normal,"Ejecutando la transformación 'Mcg', montón en 157 MB."
"Message",High,"Calculando la clausura de la aplicación y generando el código de interoperabilidad"
"Message",High,"  Cargando 44 módulos..."
"Message",Normal,"          P/Invoke 'RhpGetFuncEvalParameterBufferSize' con [DllImport(ExactSpelling=true)] resuelto en '[MRT]!RhpGetFuncEvalParameterBufferSize'."
"Message",Normal,"          P/Invoke 'RhpGetFuncEvalMode' con [DllImport(ExactSpelling=true)] resuelto en '[MRT]!RhpGetFuncEvalMode'."
"Message",Normal,"          P/Invoke 'RhpRecordDebuggeeInitiatedHandle' con [DllImport(ExactSpelling=true)] resuelto en '[MRT]!RhpRecordDebuggeeInitiatedHandle'."
"Message",Normal,"          P/Invoke 'RhpVerifyDebuggerCleanup' con [DllImport(ExactSpelling=true)] resuelto en '[MRT]!RhpVerifyDebuggerCleanup'."
"Message",Normal,"          P/Invoke 'RhpGetCurrentThread' con [DllImport(ExactSpelling=true)] resuelto en '[MRT]!RhpGetCurrentThread'."
"Message",Normal,"          P/Invoke 'RhWaitForPendingFinalizers' con [DllImport(ExactSpelling=true)] resuelto en '[MRT]!RhWaitForPendingFinalizers'."
"Message",Normal,"          P/Invoke 'RhYield' con [DllImport(ExactSpelling=true)] resuelto en '[MRT]!RhYield'."
"Message",Normal,"          P/Invoke 'RhFlushProcessWriteBuffers' con [DllImport(ExactSpelling=true)] resuelto en '[MRT]!RhFlushProcessWriteBuffers'."
"Message",Normal,"          P/Invoke 'RhCompatibleReentrantWaitAny' con [DllImport(ExactSpelling=true)] resuelto en '[MRT]!RhCompatibleReentrantWaitAny'."
"Message",Normal,"          P/Invoke 'RhCallDescrWorker' con [DllImport(ExactSpelling=true)] resuelto en '[MRT]!RhCallDescrWorker'."
"Message",Normal,"          P/Invoke '_ecvt_s' con [DllImport(ExactSpelling=true)] resuelto en '[MRT]!_ecvt_s'."
"Message",Normal,"          P/Invoke 'memmove' con [DllImport(ExactSpelling=true)] resuelto en '[MRT]!memmove'."
"Message",Normal,"          P/Invoke 'memset' con [DllImport(ExactSpelling=true)] resuelto en '[MRT]!memset'."
"Message",Normal,"          P/Invoke 'CallingConventionConverter_GetStubs' con [DllImport(ExactSpelling=true)] resuelto en '*!CallingConventionConverter_GetStubs'."
"Message",Normal,"          P/Invoke 'WindowsCreateStringReference' se resolvió en 'WindowsCreateStringReference!api-ms-win-core-winrt-string-l1-1-0.dll' desde 'SupportedAPIs.xml'."
"Message",Normal,"          P/Invoke 'GetLastError' se resolvió en 'GetLastError!api-ms-win-core-errorhandling-l1-1-0.dll' desde 'SupportedAPIs.xml'."
"Message",Normal,"          P/Invoke 'SetLastError' se resolvió en 'SetLastError!api-ms-win-core-errorhandling-l1-1-0.dll' desde 'SupportedAPIs.xml'."
"Message",Normal,"          P/Invoke 'RoInitialize' se resolvió en 'RoInitialize!api-ms-win-core-winrt-l1-1-0.dll' desde 'SupportedAPIs.xml'."
"Message",Normal,"          P/Invoke 'IsValidLocaleName' se resolvió en 'IsValidLocaleName!api-ms-win-core-localization-l1-2-0.dll' desde 'SupportedAPIs.xml'."
"Message",Normal,"          P/Invoke 'ResolveLocaleName' se resolvió en 'ResolveLocaleName!api-ms-win-core-localization-l1-2-0.dll' desde 'SupportedAPIs.xml'."
"Message",Normal,"          P/Invoke 'GetCPInfoExW' se resolvió en 'GetCPInfoExW!kernel32.dll' desde 'SupportedAPIs.xml'."
"Message",Normal,"          P/Invoke 'CoCreateInstance' se resolvió en 'CoCreateInstance!api-ms-win-core-com-l1-1-0.dll' desde 'SupportedAPIs.xml'."
"Message",Normal,"          P/Invoke 'SysFreeString' se resolvió en 'SysFreeString!OleAut32' desde 'SupportedAPIs.xml'."
"Message",Normal,"          P/Invoke 'RoGetBufferMarshaler' se resolvió en 'RoGetBufferMarshaler!api-ms-win-core-winrt-robuffer-l1-1-0.dll' desde 'SupportedAPIs.xml'."
"Message",High,"  Generando código..."
"Message",High,"  Código de interoperabilidad generado."
"Message",Normal,"  Código escrito en AssemblyInfo.g.cs"
"Message",Normal,"  Código escrito en Adapters.g.cs"
"Message",Normal,"  Código escrito en Data.g.cs"
"Message",Normal,"  Código escrito en Helpers.g.cs"
"Message",Normal,"  Código escrito en ImplTypes.g.cs"
"Message",Normal,"  Código escrito en PInvoke.g.cs"
"Message",Normal,"  Código escrito en SafeTypes.g.cs"
"Message",Normal,"  Código escrito en SharedStubs.g.cs"
"Message",Normal,"Ejecutando la transformación 'GenerateCodeAndCompile', montón en 231 MB."
"Message",High,"Compilando el código de interoperabilidad"
"Message",Normal,"Compilando el código fuente generado: C:\Program Files (x86)\Microsoft SDKs\UWPNuGetPackages\microsoft.net.native.compiler\2.2.8-rel-28605-00\tools\csc\csc.exe /noconfig @""C:\Users\fgiron\source\repos\2-DAM\Desarrollo de interfaces\EJ2_UD11_bueno\EJ2_UD11_bueno\obj\x86\Release\ilc\intermediate\EJ2_UD11_bueno.McgInterop.rsp"""
"Message",High,"Generando el código proxy System.Reflection.DispatchProxy."
"Message",Normal,"Ejecutando la transformación 'ReducedCopyInitialize', montón en 231 MB."
"Message",Normal,"Ejecutando la transformación 'ReducedCopyEmptyTypes', montón en 133 MB."
"Message",Normal,"Ejecutando la transformación 'ReducedCopyPopulateTypes', montón en 135 MB."
"Message",Normal,"Ejecutando la transformación 'ReducedCopyLateMetadata', montón en 144 MB."
"Message",Normal,"Ejecutando la transformación 'ReducedCopyPassResourcesToMutableAssembly', montón en 155 MB."
"Message",Normal,"Ejecutando la transformación 'ReducedCopyMethodBodies', montón en 155 MB."
"Message",Normal,"Ejecutando la transformación 'ReducedCopyComplete', montón en 166 MB."
"Message",Normal,"Ejecutando la transformación 'ReducedCopyCleanup', montón en 198 MB."
"Message",Normal,"Ejecutando la transformación 'DeveloperExperienceModeOnlyCodeRemover', montón en 198 MB."
"Message",Normal,"Ejecutando la transformación 'ComImportDetector', montón en 198 MB."
"Message",Normal,"Ejecutando la transformación 'McgAccessor', montón en 198 MB."
"Message",Normal,"Ejecutando la transformación 'McgRedirect', montón en 198 MB."
"Message",Normal,"Ejecutando la transformación 'McgRedirect', montón en 200 MB."
"Message",Normal,"Ejecutando la transformación 'McgTypeOf', montón en 200 MB."
"Message",Normal,"Ejecutando la transformación 'EventSource', montón en 202 MB."
"Message",Normal,"Ejecutando la transformación 'ValueType', montón en 202 MB."
"Message",Normal,"Ejecutando la transformación 'Attribute', montón en 202 MB."
"Message",Normal,"Ejecutando la transformación 'GetType', montón en 202 MB."
"Message",Normal,"Ejecutando la transformación 'McgFixups', montón en 203 MB."
"Message",Normal,"Ejecutando la transformación 'ResourceManagerCtor', montón en 203 MB."
"Message",Normal,"Ejecutando la transformación 'TypeofTypeHandle', montón en 203 MB."
"Message",Normal,"Ejecutando la transformación 'DispatchProxyIntrinsics', montón en 206 MB."
"Message",Normal,"Ejecutando la transformación 'StaticInitData', montón en 206 MB."
"Message",Normal,"Ejecutando la transformación 'Delegate', montón en 211 MB."
"Message",Normal,"Ejecutando la transformación 'LazyGenerics', montón en 212 MB."
"Message",Normal,"Ejecutando la transformación 'AddReflectionBlockedAttributes', montón en 217 MB."
"Message",Normal,"Ejecutando la transformación 'DisableOptimization', montón en 217 MB."
"Message",Normal,"Ejecutando la transformación 'ResourceExtractor', montón en 217 MB."
"Message",Normal,"Ejecutando la transformación 'CreateMetadata', montón en 217 MB."
"Message",Normal,"Ejecutando la transformación 'StartupCodeInjector', montón en 223 MB."
"Message",Normal,"Ejecutando la transformación 'SaveRVAStatics', montón en 223 MB."
"Message",Normal,"Ejecutando la transformación 'ReflectionInvoke', montón en 224 MB."
"Message",Normal,"Ejecutando la transformación 'ScrubOpenCalls', montón en 224 MB."
"Message",Normal,"Ejecutando la transformación 'ConvertCatchIntoFilter', montón en 224 MB."
"Message",Normal,"Ejecutando la transformación 'ReflectionMappingInfoEmit', montón en 224 MB."
"Message",Normal,"Ejecutando la transformación 'ReflectionIntrinsics', montón en 224 MB."
"Message",Normal,"Ejecutando la transformación 'ConvertManagedWinMD', montón en 224 MB."
"Message",Normal,"Ejecutando la transformación 'DebuggerGuidedStepThroughJmc', montón en 224 MB."
"Message",Normal,"Ejecutando la transformación 'Reducer', montón en 172 MB."
"Message",High,"Limpiando el código al que no se hace referencia"
"Message",Normal,"Ejecutando la transformación 'WriteAssemblies', montón en 199 MB."
"Message",Normal,""
"Message",Normal,"Resumen de la transformación"
"Message",Normal,"    ms | delta en el montón | nombre"
"Message",Normal," 10111 |         77 | Analysis"
"Message",Normal,"  3143 |          0 | GenerateCodeAndCompile"
"Message",Normal,"  1854 |         21 | WriteAssemblies"
"Message",Normal,"  1358 |         74 | Mcg"
"Message",Normal,"  1083 |        -98 | ReducedCopyInitialize"
"Message",Normal,"   577 |         32 | ReducedCopyComplete"
"Message",Normal,"   554 |         27 | Reducer"
"Message",Normal,"   357 |         14 | DumpNativeResources"
"Message",Normal,"   226 |        -52 | DebuggerGuidedStepThroughJmc"
"Message",Normal,"   149 |         11 | ReducedCopyMethodBodies"
"Message",Normal,"   148 |          9 | ReducedCopyPopulateTypes"
"Message",Normal,"   144 |          0 | ResourceExtractor"
"Message",Normal,"   133 |         11 | ReducedCopyLateMetadata"
"Message",Normal,"   110 |          6 | CreateMetadata"
"Message",Normal,"    62 |          2 | McgRedirect"
"Message",Normal,"    57 |          5 | LazyGenerics"
"Message",Normal,"    54 |          2 | McgTypeOf"
"Message",Normal,"    50 |          5 | StaticInitData"
"Message",Normal,"    47 |          3 | TypeofTypeHandle"
"Message",Normal,"    33 |          0 | McgRedirect"
"Message",Normal,"    25 |          1 | SaveRVAStatics"
"Message",Normal,"    20 |          1 | GetType"
"Message",Normal,"    16 |          2 | ReducedCopyEmptyTypes"
"Message",Normal,"    15 |          0 | McgFixups"
"Message",Normal,"    10 |          1 | Delegate"
"Message",Normal,"     7 |          0 | DispatchProxyIntrinsics"
"Message",Normal,"     6 |          0 | McgAccessor"
"Message",Normal,"     5 |          0 | ReflectionIntrinsics"
"Message",Normal,"     5 |          0 | ScrubOpenCalls"
"Message",Normal,"     3 |          0 | ReducedCopyCleanup"
"Message",Normal,"     3 |          0 | EventSource"
"Message",Normal,"     2 |          0 | Attribute"
"Message",Normal,"     2 |          0 | ConvertCatchIntoFilter"
"Message",Normal,"     2 |          0 | ReflectionInvoke"
"Message",Normal,"     1 |          0 | ReflectionMappingInfoEmit"
"Message",Normal,"     1 |          0 | DeveloperExperienceModeOnlyCodeRemover"
"Message",Normal,"     1 |          0 | StartupCodeInjector"
"Message",Normal,"     1 |          0 | AddReflectionBlockedAttributes"
"Message",Normal,"     1 |          0 | ValueType"
"Message",Normal,"     0 |          0 | ComImportDetector"
"Message",Normal,"     0 |          0 | DisableOptimization"
"Message",Normal,"     0 |          0 | ConvertManagedWinMD"
"Message",Normal,"     0 |          0 | ResourceManagerCtor"
"Message",Normal,"     0 |          0 | ReducedCopyPassResourcesToMutableAssembly"
"Message",Low,"Ejecución de la tarea ""RunILTransforms"" finalizada."
"Message",Low,"Compilación del destino ""RunILTransforms"" en el archivo ""ILTransforms"" finalizada."
"Message",Low,"Compilación del proyecto ""ILTransforms"" finalizada."
"Message",Low,""
"Message",Low,""
"Message",Low,"Compilación del destino ""GenerateMDIL"" en el archivo ""Nutc"" finalizada."
"Message",Low,""
"Message",High,"Generando el código nativo"
"Message",Low,"Compilación del destino ""MDILPrepareMultiFile"" en el archivo ""Nutc"" finalizada."
"Message",Low,""
"Message",Low,"Compilación del destino ""SetBinaryForReferences"" en el archivo ""Nutc"" finalizada."
"Message",Low,""
"Message",Low,"Tarea ""GenerateMDILGlobalAnalysis"""
"Message",Normal,"Iniciando 'C:\Program Files (x86)\Microsoft SDKs\UWPNuGetPackages\runtime.win10-x86.microsoft.net.native.compiler\2.2.8-rel-28605-00\tools\x86\ilc\Tools\nutc_driver.exe @""C:\Users\fgiron\source\repos\2-DAM\Desarrollo de interfaces\EJ2_UD11_bueno\EJ2_UD11_bueno\obj\x86\Release\ilc\intermediate\MDIL\EJ2_UD11_bueno.rsp""'"
"Message",Low,"Microsoft (R) MDIL Compiler - Version 2.2.28605.00"
"Message",Low,"Copyright (c) Microsoft Corporation.  All rights reserved."
"Message",Low,"Detectando tipos de entrada"
"Message",Low,"Detectando 905 métodos."
"Message",Low,"Detectando 2381 métodos."
"Message",Low,"Detectando 1108 métodos."
"Message",Low,"Detectando 357 métodos."
"Message",Low,"Detectando 189 métodos."
"Message",Low,"Detectando 103 métodos."
"Message",Low,"Detectando 59 métodos."
"Message",Low,"Detectando 95 métodos."
"Message",Low,"Detectando 30 métodos."
"Message",Low,"Detectando 9 métodos."
"Message",Low,"Detectando 3 métodos."
"Message",Low,"Detectando 2 métodos."
"Message",Low,"Detectando 3 métodos."
"Message",Low,"Detectando 2 métodos."
"Message",Low,"Detectando 3 métodos."
"Message",Low,"Detectando 18 métodos."
"Message",Low,"Detectando 44 métodos."
"Message",Low,"Detectando 20 métodos."
"Message",Low,"Detectando 10 métodos."
"Message",Low,"Detectando 6 métodos."
"Message",Low,"Detectando 2 métodos."
"Message",Low,"Generación de código diligente"
"Message",Low,"Compilando 5349 métodos."
"Message",Low,"Generación de código diferido"
"Message",Low,"La llamada al método administrado Initialize se realizó correctamente; código de salida: 0 al generar CTL.Estadísticas de metadatos de seguimiento de la pila"
"Message",Low,"Número de métodos emitidos:   2207"
"Message",Low,"Tamaño del blob de metadatos:          117063"
"Message",Low,"RVA del método; tamaño de asignación de tokens: 17656"
"Message",Low,"Tamaño nativo total:           134719"
"Message",Low,"""C:\Users\fgiron\source\repos\2-DAM\Desarrollo de interfaces\EJ2_UD11_bueno\EJ2_UD11_bueno\obj\x86\Release\ilc\intermediate\MDIL\EJ2_UD11_bueno.mdilexe"" se generó correctamente"
"Message",Low,"""C:\Users\fgiron\source\repos\2-DAM\Desarrollo de interfaces\EJ2_UD11_bueno\EJ2_UD11_bueno\obj\x86\Release\ilc\intermediate\MDIL\EJ2_UD11_bueno.mdilpdb"" se generó correctamente"
"Message",Low,"Compilado en código MDIL."
"Message",Normal,"'C:\Program Files (x86)\Microsoft SDKs\UWPNuGetPackages\runtime.win10-x86.microsoft.net.native.compiler\2.2.8-rel-28605-00\tools\x86\ilc\Tools\nutc_driver.exe @""C:\Users\fgiron\source\repos\2-DAM\Desarrollo de interfaces\EJ2_UD11_bueno\EJ2_UD11_bueno\obj\x86\Release\ilc\intermediate\MDIL\EJ2_UD11_bueno.rsp""' se ha completado."
"Message",Normal,"Procesar estadísticas de ejecución (todas las veces en milisegundos)"
"Message",Normal,"-----------------------------------------------------------------------------"
"Message",Normal,"inicio  |  iniciar   |   detener   |   finalizar    | duración | vigencia | nombre [ranura]"
"Message",Normal,"-----------------------------------------------------------------------------"
"Message",Normal,"       0 |       15 |    16750 |    16750 |    16735 |    16750 | [0] Nutc GlobalAnalysis"
"Message",Normal,"Número de comandos:      1"
"Message",Normal,"Tiempo total del sistema:       16750 ms"
"Message",Normal,"Tiempo del sistema por comando: 16750 ms"
"Message",Normal,"Duración total:          16735 ms"
"Message",Normal,"Vigencia total:          16750 ms"
"Message",Normal,"DOP solicitado:           4"
"Message",Normal,"DOP de la duración:            1,0"
"Message",Normal,"DOP de la vigencia:            1,0"
"Message",Low,"Ejecución de la tarea ""GenerateMDILGlobalAnalysis"" finalizada."
"Message",Low,"Compilación del destino ""GenerateMDILGlobalAnalysis"" en el archivo ""Nutc"" finalizada."
"Message",Low,""
"Message",Low,"Tarea ""rc"""
"Message",Normal,"Iniciando 'C:\Program Files (x86)\Windows Kits\10\bin\10.0.18362.0\x64\rc.exe /c ""65001"" /r /fo ""C:\Users\fgiron\source\repos\2-DAM\Desarrollo de interfaces\EJ2_UD11_bueno\EJ2_UD11_bueno\obj\x86\Release\ilc\intermediate\BuildInfo\BuildInfo.res"" ""C:\Users\fgiron\source\repos\2-DAM\Desarrollo de interfaces\EJ2_UD11_bueno\EJ2_UD11_bueno\obj\x86\Release\ilc\intermediate\BuildInfo\BuildInfo.rc""'"
"Message",Low,"Microsoft (R) Windows (R) Resource Compiler Version 10.0.10011.16384"
"Message",Low,"Copyright (C) Microsoft Corporation.  All rights reserved."
"Message",Normal,"'C:\Program Files (x86)\Windows Kits\10\bin\10.0.18362.0\x64\rc.exe /c ""65001"" /r /fo ""C:\Users\fgiron\source\repos\2-DAM\Desarrollo de interfaces\EJ2_UD11_bueno\EJ2_UD11_bueno\obj\x86\Release\ilc\intermediate\BuildInfo\BuildInfo.res"" ""C:\Users\fgiron\source\repos\2-DAM\Desarrollo de interfaces\EJ2_UD11_bueno\EJ2_UD11_bueno\obj\x86\Release\ilc\intermediate\BuildInfo\BuildInfo.rc""' se ha completado."
"Message",Normal,"Procesar estadísticas de ejecución (todas las veces en milisegundos)"
"Message",Normal,"-----------------------------------------------------------------------------"
"Message",Normal,"inicio  |  iniciar   |   detener   |   finalizar    | duración | vigencia | nombre [ranura]"
"Message",Normal,"-----------------------------------------------------------------------------"
"Message",Normal,"       0 |       47 |      156 |      156 |      109 |      156 | [0] rc"
"Message",Normal,"Número de comandos:      1"
"Message",Normal,"Tiempo total del sistema:       156 ms"
"Message",Normal,"Tiempo del sistema por comando: 156 ms"
"Message",Normal,"Duración total:          109 ms"
"Message",Normal,"Vigencia total:          156 ms"
"Message",Normal,"DOP solicitado:           4"
"Message",Normal,"DOP de la duración:            0,7"
"Message",Normal,"DOP de la vigencia:            1,0"
"Message",Low,"Ejecución de la tarea ""rc"" finalizada."
"Message",Low,"Tarea ""ResourceBinaryConcatenate"""
"Message",Normal,"Concatenando en 'C:\Users\fgiron\source\repos\2-DAM\Desarrollo de interfaces\EJ2_UD11_bueno\EJ2_UD11_bueno\obj\x86\Release\ilc\intermediate\Native.res' con la alineación '4'."
"Message",Normal," Se agregó 'C:\Users\fgiron\source\repos\2-DAM\Desarrollo de interfaces\EJ2_UD11_bueno\EJ2_UD11_bueno\obj\x86\Release\ilc\intermediate\ILTransformed\EJ2_UD11_bueno.res' en el desplazamiento 0."
"Message",Normal," Se agregó 'C:\Users\fgiron\source\repos\2-DAM\Desarrollo de interfaces\EJ2_UD11_bueno\EJ2_UD11_bueno\obj\x86\Release\ilc\intermediate\BuildInfo\BuildInfo.res' en el desplazamiento 1460."
"Message",Low,"Ejecución de la tarea ""ResourceBinaryConcatenate"" finalizada."
"Message",Low,"Compilación del destino ""GenerateBuildInfo"" en el archivo ""Nutc"" finalizada."
"Message",Low,"Compilación del proyecto ""Nutc"" finalizada."
"Message",Low,""
"Message",Low,""
"Message",Low,"Compilación del destino ""MDILBindPrepare"" en el archivo ""Binder"" finalizada."
"Message",Low,""
"Message",High,"Generando las correcciones para el código nativo"
"Message",Low,"Tarea ""MDILBind"""
"Message",Normal,"Iniciando 'C:\Program Files (x86)\Microsoft SDKs\UWPNuGetPackages\runtime.win10-x86.microsoft.net.native.compiler\2.2.8-rel-28605-00\tools\x86\ilc\Tools\rhbind.exe @""C:\Users\fgiron\source\repos\2-DAM\Desarrollo de interfaces\EJ2_UD11_bueno\EJ2_UD11_bueno\obj\x86\Release\ilc\intermediate\rhbindargs.EJ2_UD11_bueno.rsp""'"
"Message",Low,"VERSIÓN DE SO: principal: 6, secundaria: 2"
"Message",Low,"MDIL: C:\Users\fgiron\source\repos\2-DAM\Desarrollo de interfaces\EJ2_UD11_bueno\EJ2_UD11_bueno\obj\x86\Release\ilc\intermediate\MDIL\EJ2_UD11_bueno.mdilexe"
"Message",Low,"MDILPDB: C:\Users\fgiron\source\repos\2-DAM\Desarrollo de interfaces\EJ2_UD11_bueno\EJ2_UD11_bueno\obj\x86\Release\ilc\intermediate\MDIL\EJ2_UD11_bueno.mdilpdb"
"Message",Low,"IL: C:\Users\fgiron\source\repos\2-DAM\Desarrollo de interfaces\EJ2_UD11_bueno\EJ2_UD11_bueno\obj\x86\Release\ilc\intermediate\MDIL\EJ2_UD11_bueno.ilexe"
"Message",Low,"NI: C:\Users\fgiron\source\repos\2-DAM\Desarrollo de interfaces\EJ2_UD11_bueno\EJ2_UD11_bueno\obj\x86\Release\ilc\intermediate\Native\EJ2_UD11_bueno.dll"
"Message",Low,"SHIM: C:\Users\fgiron\source\repos\2-DAM\Desarrollo de interfaces\EJ2_UD11_bueno\EJ2_UD11_bueno\obj\x86\Release\ilc\intermediate\Native\EJ2_UD11_bueno.exe"
"Message",Low,"REDHAWK_RUNTIME_DLL_NAME_A=mrt100_app.dll"
"Message",Low,"pdb: C:\Users\fgiron\source\repos\2-DAM\Desarrollo de interfaces\EJ2_UD11_bueno\EJ2_UD11_bueno\obj\x86\Release\ilc\intermediate\Native\EJ2_UD11_bueno.pdb"
"Message",Low,"Se produjeron C:\Users\fgiron\source\repos\2-DAM\Desarrollo de interfaces\EJ2_UD11_bueno\EJ2_UD11_bueno\obj\x86\Release\ilc\intermediate\Native\EJ2_UD11_bueno.dll en 0.810 segundos"
"Message",Normal,"'C:\Program Files (x86)\Microsoft SDKs\UWPNuGetPackages\runtime.win10-x86.microsoft.net.native.compiler\2.2.8-rel-28605-00\tools\x86\ilc\Tools\rhbind.exe @""C:\Users\fgiron\source\repos\2-DAM\Desarrollo de interfaces\EJ2_UD11_bueno\EJ2_UD11_bueno\obj\x86\Release\ilc\intermediate\rhbindargs.EJ2_UD11_bueno.rsp""' se ha completado."
"Message",Normal,"Procesar estadísticas de ejecución (todas las veces en milisegundos)"
"Message",Normal,"-----------------------------------------------------------------------------"
"Message",Normal,"inicio  |  iniciar   |   detener   |   finalizar    | duración | vigencia | nombre [ranura]"
"Message",Normal,"-----------------------------------------------------------------------------"
"Message",Normal,"       0 |       16 |      859 |      859 |      843 |      859 | [0] rhbind EJ2_UD11_bueno"
"Message",Normal,"Número de comandos:      1"
"Message",Normal,"Tiempo total del sistema:       859 ms"
"Message",Normal,"Tiempo del sistema por comando: 859 ms"
"Message",Normal,"Duración total:          843 ms"
"Message",Normal,"Vigencia total:          859 ms"
"Message",Normal,"DOP solicitado:           4"
"Message",Normal,"DOP de la duración:            1,0"
"Message",Normal,"DOP de la vigencia:            1,0"
"Message",Low,"Ejecución de la tarea ""MDILBind"" finalizada."
"Message",Low,"Compilación del destino ""MDILBind"" en el archivo ""Binder"" finalizada."
"Message",Low,"Compilación del proyecto ""Binder"" finalizada."
"Message",Low,""
"Message",Low,""
"Message",Low,"Compilación del destino ""CopyNativeExecutablesToOutput"" en el archivo ""Deployment"" finalizada."
"Message",Low,""
"Message",Low,"Tarea ""TransformAppxManifest"""
"Message",Low,"Ejecución de la tarea ""TransformAppxManifest"" finalizada."
"Message",Low,"Compilación del destino ""TransformAppxManifestAndAddCrt"" en el archivo ""Deployment"" finalizada."
"Message",Low,""
"Message",Low,"Compilación del destino ""CopyPackageResourceFileInRetailBuild"" en el archivo ""Deployment"" finalizada."
"Message",Low,"Compilación del proyecto ""Deployment"" finalizada."
"Message",Low,"Compilación finalizada."
